Year,Troy applied,Troy admitted,Troy rate,Athens applied,Athens admitted,Athens rate,TSD applied,TSD admitted,TSD rate,U-M applied,U-M admitted,U-M rate,ACT 25th,ACT 75th,SAT 25th,SAT 75th,% GPA 3.75+,Avg HS GPA,In-state tuition+fees,...2025$,Out-of-state tuition,Troy home value,...2025$,State appropriation,...2025$,Endowment,...2025$,Inst. scholarships,...2025$,CPI-U,Home value 48083,Home value 48084,Home value 48085,Home value 48098,Admits at 2004 odds,Admits lost vs 2004 odds,Cumulative admits lost
2004,131,94,0.71756,68,49,0.72059,199,143,0.71859,21293,13304,0.62481,26,30,1210,1400,,,8201,13978,26027,304270,518614,311817000,531477904,4282895000,7299999868,169335000,288623811,188.8833,237572,303849,293971,381687,143.0,-0.0,-0.0
2005,154,116,0.75325,90,67,0.74444,244,183,0.75,23882,13610,0.56989,26,31,1220,1420,,,9213,15188,27601,310851,512445,327944000,540623463,4855333000,8004131625,181066000,298491596,195.2917,241018,311781,301257,389349,175.3,-7.7,-7.7
2006,161,97,0.60248,95,58,0.61053,256,155,0.60547,25806,12246,0.47454,27,31,1210,1420,,,9723,15528,29131,307603,491244,318903000,509289760,5566433000,8889622635,199804000,319088034,201.5917,240564,307424,298030,384393,184.0,29.0,21.3
2007,190,129,0.67895,96,60,0.625,286,189,0.66084,27474,13826,0.50324,27,31,1220,1420,64.05,,10447,16221,29131,284342,441501,290538000,451121793,6986769000,10848438969,212358000,329730782,207.3424,225041,284277,273175,354873,205.5,16.5,37.8
2008,161,95,0.59006,87,53,0.6092,248,148,0.59677,29814,12567,0.42151,27,31,1220,1430,62.6,,11037,16504,33069,253449,378984,353058000,527929549,7462302000,11158420793,233688000,349434938,215.3025,202217,250853,243880,316845,178.2,30.2,68.0
2009,201,137,0.68159,103,71,0.68932,304,208,0.68421,29965,14970,0.49958,27,31,1230,1430,62.0,,11659,17496,34937,217893,326979,326674000,490220370,5914285000,8875218054,256597000,385059957,214.537,171237,213007,215376,271952,218.5,10.5,78.5
2010,183,142,0.77596,99,71,0.71717,282,213,0.75532,31613,16006,0.50631,27,31,1230,1440,63.1,,11837,17476,36001,201399,297351,316571000,467393932,6471770000,9555095144,272472000,402284983,218.0555,156480,194129,199707,255279,202.6,-10.4,68.1
2011,164,93,0.56707,95,61,0.64211,259,154,0.59459,39584,16073,0.40605,28,32,1250,1450,69.0,,13437,19232,39109,201298,288107,316255000,452638239,7725307000,11056803401,295906000,423513844,224.9392,151439,196517,198275,258962,186.1,32.1,100.2
2012,159,87,0.54717,77,49,0.63636,236,136,0.57627,42544,15551,0.36553,28,32,1260,1460,71.9,,13819,19377,40496,209289,293471,268804000,376924501,7586547000,10638068785,314520000,441028757,229.5939,150566,208767,206788,271034,169.6,33.6,133.8
2013,169,107,0.63314,76,44,0.57895,245,151,0.61633,46813,15570,0.3326,28,32,1280,1480,76.2,,13977,19316,41811,237019,327556,274157000,378880605,8272366000,11432277991,328392000,453832511,232.9571,170347,241295,230700,305735,176.1,25.1,158.9
2014,167,86,0.51497,64,31,0.48438,231,117,0.50649,49776,16047,0.32238,29,33,1280,1480,75.0,,14336,19496,43377,266664,362643,279233000,379735375,9603919000,13060590204,340270000,462740994,236.7362,191989,275860,256072,342736,166.0,49.0,207.9
2015,215,110,0.51163,88,55,0.625,303,165,0.54455,51761,13584,0.26244,29,33,1290,1500,76.9,,14729,20007,45002,280196,380594,295174000,400938342,9809705000,13324638557,362622000,492553760,237.017,201927,291430,270181,357247,217.7,52.7,260.6
2016,213,103,0.48357,78,31,0.39744,291,134,0.46048,55504,15871,0.28594,29,33,1310,1500,79.6,,15310,20537,47004,290307,389415,299976000,402384484,9600640000,12878192169,388880000,521639325,240.0072,213280,303222,279699,365026,209.1,75.1,335.7
2017,202,117,0.57921,97,58,0.59794,299,175,0.58528,59886,15871,0.26502,30,33,1330,1500,80.9,,15761,20701,49142,305054,400662,308640000,405371449,10777563000,14155379516,430731000,565727222,245.1196,227216,319975,295196,377831,214.9,39.9,375.6
2018,206,101,0.49029,79,38,0.48101,285,139,0.48772,64917,14818,0.22826,30,34,1330,1510,84.3,,16225,20802,51082,321035,411598,314590000,403334551,11733013000,15042847921,472486000,605772366,251.1068,242488,335999,311442,394212,204.8,65.8,441.4
2019,205,103,0.50244,89,31,0.34831,294,134,0.45578,64972,14883,0.22907,31,34,1340,1530,88.8,3.88,16540,20828,52997,333675,420189,320785000,403956566,12273834000,15456133636,508792000,640709101,255.6574,256928,348086,323195,406490,211.3,77.3,518.6
2020,221,112,0.50679,88,41,0.46591,309,153,0.49515,65021,16974,0.26105,31,34,1340,1520,86.3,3.87,16948,21082,54097,340814,423949,286688000,356619786,12308473000,15310878057,544391000,677184263,258.8112,262854,357623,331776,411004,222.0,69.0,587.7
2021,251,116,0.46215,102,40,0.39216,353,156,0.44193,79743,16071,0.20153,31,35,1360,1530,88.0,3.88,17193,20427,55097,379638,451053,322932000,383680015,16795776000,19955295803,541513000,643379151,270.9698,294127,395174,372935,456317,253.7,97.7,685.3
2022,262,105,0.40076,113,37,0.32743,375,142,0.37867,84289,14914,0.17694,31,34,1350,1530,92.4,3.9,17786,19566,57273,416987,458718,338895000,372810682,17095088000,18805917536,556154000,611812367,292.6549,322166,428744,409964,507073,269.5,127.5,812.8
2023,280,124,0.44286,107,35,0.3271,387,159,0.41085,87632,15722,0.17941,31,34,1350,1530,92.3,3.9,18309,19345,60107,426511,450645,339198000,358391363,17626819000,18624224452,625943000,661361697,304.7016,327078,435351,418316,525298,278.1,119.1,931.9
2024,272,98,0.36029,111,35,0.31532,383,133,0.34726,98310,15373,0.15637,31,34,1360,1530,92.8,3.9,18896,19393,67096,456027,468027,356600000,365983337,19200000000,19705216125,,,313.6888,349384,463933,448004,562786,275.2,142.2,1074.1
2025,292,118,0.40411,112,38,0.33929,404,156,0.38614,109112,17915,0.16419,32,34,1370,1530,93.9,3.9,20082,20082,69447,475748,475748,365500000,365500000,21200000000,21200000000,,,321.943,362981,485749,467476,586788,290.3,134.3,1208.4
